X,site,watershed,watershedArea,watershedPolygon,polygonArea,block,blockArea,treatment,prairiePercentage,prairiePosition,slope,year,crop,swath,record,date,x,y,vegetation,elevation,speed,direction,distance,timelapse,flow,moisture,yield
1347,Basswood,Basswood1,0.53,1,0.47856704,BasswoodA,0.53,10% prairie bottom,10,bottom,7.5,2010,Corn,20,0,2010-10-13,-93.277138,41.53714,Row crop,894.2,1.95,NA,8.58333333333333,0,2.02,15,27.4591
494,Basswood,Basswood1,0.53,1,0.47856704,BasswoodA,0.53,10% prairie bottom,10,bottom,7.5,2010,Corn,20,1,2010-10-13,-93.277107,41.537141,Row crop,894,2.01,NA,8.83333333333333,3,4.06,15,53.6281
1510,Basswood,Basswood1,0.53,1,0.47856704,BasswoodA,0.53,10% prairie bottom,10,bottom,7.5,2010,Corn,20,2,2010-10-13,-93.277075,41.537143,Row crop,893.6,1.99,NA,8.75,3,2.74,15,36.5371
1308,Basswood,Basswood1,0.53,1,0.47856704,BasswoodA,0.53,10% prairie bottom,10,bottom,7.5,2010,Corn,20,3,2010-10-13,-93.277059,41.537145,Row crop,893.1,0.93,NA,4.08333333333333,11,0.93,15,26.5741
945,Basswood,Basswood1,0.53,1,0.47856704,BasswoodA,0.53,10% prairie bottom,10,bottom,7.5,2010,Corn,20,4,2010-10-13,-93.277027,41.537151,Row crop,892.6,2.1,NA,6.16666666666667,2,5.72,15,72.1515
989,Basswood,Basswood1,0.53,1,0.47856704,BasswoodA,0.53,10% prairie bottom,10,bottom,7.5,2010,Corn,20,5,2010-10-13,-93.277004,41.537153000000004,Row crop,892.1,2.16,NA,9.5,3,8.64,15,106.1161
746,Basswood,Basswood1,0.53,1,0.47856704,BasswoodA,0.53,10% prairie bottom,10,bottom,7.5,2010,Corn,20,6,2010-10-13,-93.276969,41.537155,Row crop,891.7,2.07,NA,6.08333333333333,2,10.71,9.1,136.9455
821,Basswood,Basswood1,0.53,1,0.47856704,BasswoodA,0.53,10% prairie bottom,10,bottom,7.5,2010,Corn,20,7,2010-10-13,-93.276985,41.537152,Row crop,891.9,0.77,NA,2.25,11,0.61,11.1,21.0886
824,Basswood,Basswood1,0.53,1,0.47856704,BasswoodA,0.53,10% prairie bottom,10,bottom,7.5,2010,Corn,20,8,2010-10-13,-93.276963,41.537148,Row crop,891.7,2.05,NA,6,2,6.41,15.9,82.7077
457,Basswood,Basswood1,0.53,1,0.47856704,BasswoodA,0.53,10% prairie bottom,10,bottom,7.5,2010,Corn,20,9,2010-10-13,-93.27694,41.537146,Row crop,891.4,2.1,NA,3.08333333333333,1,10.08,16.8,125.192
335,Basswood,Basswood1,0.53,1,0.47856704,BasswoodA,0.53,10% prairie bottom,10,bottom,7.5,2010,Corn,20,10,2010-10-13,-93.276928,41.537145,Row crop,891.3,2.1,NA,9.25,3,12.17,15.8,152.9661
583,Basswood,Basswood1,0.53,1,0.47856704,BasswoodA,0.53,10% prairie bottom,10,bottom,7.5,2010,Corn,20,11,2010-10-13,-93.276894,41.537143,Row crop,890.8,2.05,NA,3,1,13.53,15.6,175.1992
85,Basswood,Basswood1,0.53,1,0.47856704,BasswoodA,0.53,10% prairie bottom,10,bottom,7.5,2010,Corn,20,12,2010-10-13,-93.276881,41.537143,Row crop,890.7,2.1,NA,3.08333333333333,1,12.34,15.5,155.6555
1033,Basswood,Basswood1,0.53,1,0.47856704,BasswoodA,0.53,10% prairie bottom,10,bottom,7.5,2010,Corn,20,13,2010-10-13,-93.276869,41.537143,Row crop,890.6,2.29,NA,10.0833333333333,3,12.49,15.6,144.3561
1326,Basswood,Basswood1,0.53,1,0.47856704,BasswoodA,0.53,10% prairie bottom,10,bottom,7.5,2010,Corn,20,14,2010-10-13,-93.276828,41.537144,Row crop,890.1,2.58,NA,11.3333333333333,3,13.19,16,134.9898
1448,Basswood,Basswood1,0.53,1,0.47856704,BasswoodA,0.53,10% prairie bottom,10,bottom,7.5,2010,Corn,20,15,2010-10-13,-93.276784,41.537145,Row crop,889.7,2.67,NA,11.75,3,13.33,15.2,132.3681
1496,Basswood,Basswood1,0.53,1,0.47856704,BasswoodA,0.53,10% prairie bottom,10,bottom,7.5,2010,Corn,20,16,2010-10-13,-93.27674,41.537146,Row crop,889.2,2.69,NA,11.8333333333333,3,14.14,15.2,139.4227
1530,Basswood,Basswood1,0.53,1,0.47856704,BasswoodA,0.53,10% prairie bottom,10,bottom,7.5,2010,Corn,20,17,2010-10-13,-93.276695,41.537148,Row crop,888.7,2.71,NA,11.9166666666667,3,16.43,15.2,160.8696
1121,Basswood,Basswood1,0.53,1,0.47856704,BasswoodA,0.53,10% prairie bottom,10,bottom,7.5,2010,Corn,20,18,2010-10-13,-93.276651,41.537148,Row crop,888.1,2.69,NA,11.8333333333333,3,14.54,15.2,143.3667
955,Basswood,Basswood1,0.53,1,0.47856704,BasswoodA,0.53,10% prairie bottom,10,bottom,7.5,2010,Corn,20,19,2010-10-13,-93.276606,41.537149,Row crop,887.4,2.71,NA,11.9166666666667,3,15.24,15,149.218
710,Basswood,Basswood1,0.53,1,0.47856704,BasswoodA,0.53,10% prairie bottom,10,bottom,7.5,2010,Corn,20,20,2010-10-13,-93.276561,41.537149,Row crop,886.6,2.69,NA,11.8333333333333,3,17.1,14.9,168.6088
795,Basswood,Basswood1,0.53,1,0.47856704,BasswoodA,0.53,10% prairie bottom,10,bottom,7.5,2010,Corn,20,21,2010-10-13,-93.276518,41.537148,Row crop,886,2.69,NA,11.8333333333333,3,17.41,15.1,171.6654
1123,Basswood,Basswood1,0.53,1,0.47856704,BasswoodA,0.53,10% prairie bottom,10,bottom,7.5,2010,Corn,20,22,2010-10-13,-93.276473,41.537147,Row crop,885.3,2.67,NA,7.83333333333333,2,16.42,15.3,163.0521
918,Basswood,Basswood1,0.53,1,0.47856704,BasswoodA,0.53,10% prairie bottom,10,bottom,7.5,2010,Corn,20,23,2010-10-13,-93.276444,41.537147,Row crop,884.8,2.69,NA,11.8333333333333,3,14.98,15.2,147.7052
751,Basswood,Basswood1,0.53,1,0.47856704,BasswoodA,0.53,10% prairie bottom,10,bottom,7.5,2010,Corn,20,78,2010-10-13,-93.276376,41.537202,Row crop,881.1,3.69,NA,16.25,3,23.72,15,170.3148
468,Basswood,Basswood1,0.53,1,0.47856704,BasswoodA,0.53,10% prairie bottom,10,bottom,7.5,2010,Corn,20,79,2010-10-13,-93.276436,41.537202,Row crop,881.9,3.69,NA,16.25,3,22.39,15.3,160.7651
593,Basswood,Basswood1,0.53,1,0.47856704,BasswoodA,0.53,10% prairie bottom,10,bottom,7.5,2010,Corn,20,80,2010-10-13,-93.276496,41.537203,Row crop,882.4,3.71,NA,16.3333333333333,3,20.87,15.2,149.0866
1089,Basswood,Basswood1,0.53,1,0.47856704,BasswoodA,0.53,10% prairie bottom,10,bottom,7.5,2010,Corn,20,81,2010-10-13,-93.276556,41.537202,Row crop,882.7,3.69,NA,5.41666666666667,1,21.3,15.2,152.9387
928,Basswood,Basswood1,0.53,1,0.47856704,BasswoodA,0.53,10% prairie bottom,10,bottom,7.5,2010,Corn,20,82,2010-10-13,-93.276577,41.537203,Row crop,882.9,3.75,NA,11,2,17.48,15.3,123.6086
929,Basswood,Basswood1,0.53,1,0.47856704,BasswoodA,0.53,10% prairie bottom,10,bottom,7.5,2010,Corn,20,83,2010-10-13,-93.276618,41.537202,Row crop,883.2,3.77,NA,16.5833333333333,3,14.8,15.1,104.1312
773,Basswood,Basswood1,0.53,1,0.47856704,BasswoodA,0.53,10% prairie bottom,10,bottom,7.5,2010,Corn,20,84,2010-10-13,-93.276678,41.537202,Row crop,883.8,3.75,NA,16.5,3,15.26,15,107.91
903,Basswood,Basswood1,0.53,1,0.47856704,BasswoodA,0.53,10% prairie bottom,10,bottom,7.5,2010,Corn,20,85,2010-10-13,-93.276739,41.537201,Row crop,884.2,3.75,NA,16.5,3,16.72,15.2,118.2343
1513,Basswood,Basswood1,0.53,1,0.47856704,BasswoodA,0.53,10% prairie bottom,10,bottom,7.5,2010,Corn,20,86,2010-10-13,-93.276798,41.537199,Row crop,885,3.71,NA,16.3333333333333,3,13.62,15.3,97.2956
2194,Basswood,Basswood1,0.53,1,0.47856704,BasswoodA,0.53,10% prairie bottom,10,bottom,7.5,2010,Corn,20,87,2010-10-13,-93.276858,41.537197,Row crop,885.6,3.72,NA,10.9166666666667,2,14.76,15.2,105.171
2084,Basswood,Basswood1,0.53,1,0.47856704,BasswoodA,0.53,10% prairie bottom,10,bottom,7.5,2010,Corn,20,88,2010-10-13,-93.276899,41.537196,Row crop,886,3.75,NA,16.5,3,11.02,15.5,77.9271
2169,Basswood,Basswood1,0.53,1,0.47856704,BasswoodA,0.53,10% prairie bottom,10,bottom,7.5,2010,Corn,20,89,2010-10-13,-93.276959,41.537194,Row crop,886.5,3.75,NA,11,2,9.38,15.6,66.2515
2107,Basswood,Basswood1,0.53,1,0.47856704,BasswoodA,0.53,10% prairie bottom,10,bottom,7.5,2010,Corn,20,90,2010-10-13,-93.277,41.537194,Row crop,886.9,3.75,NA,16.5,3,12.98,15.5,91.7871
2148,Basswood,Basswood1,0.53,1,0.47856704,BasswoodA,0.53,10% prairie bottom,10,bottom,7.5,2010,Corn,20,91,2010-10-13,-93.27706,41.537194,Row crop,887.6,3.69,NA,5.41666666666667,1,17.58,15.8,125.7801
2191,Basswood,Basswood1,0.53,1,0.47856704,BasswoodA,0.53,10% prairie bottom,10,bottom,7.5,2010,Corn,20,92,2010-10-13,-93.27708,41.537194,Row crop,887.7,3.69,NA,10.8333333333333,2,15.93,15.6,114.2455
2028,Basswood,Basswood1,0.53,1,0.47856704,BasswoodA,0.53,10% prairie bottom,10,bottom,7.5,2010,Corn,20,93,2010-10-13,-93.277113,41.537192,Row crop,888.2,3.24,NA,4.75,1,14.77,15.6,120.7932
2067,Basswood,Basswood1,0.53,1,0.47856704,BasswoodA,0.53,10% prairie bottom,10,bottom,7.5,2010,Corn,20,94,2010-10-13,-93.277125,41.537191,Row crop,888.6,2.81,NA,8.25,2,7.89,15.9,74.0393
2024,Basswood,Basswood1,0.53,1,0.47856704,BasswoodA,0.53,10% prairie bottom,10,bottom,7.5,2010,Corn,20,95,2010-10-13,-93.277145,41.53719,Row crop,889.3,1.99,NA,2.91666666666667,1,4.71,15.6,62.7321
1945,Basswood,Basswood1,0.53,1,0.47856704,BasswoodA,0.53,10% prairie bottom,10,bottom,7.5,2010,Corn,20,96,2010-10-13,-93.277152,41.53719,Row crop,889.5,1.65,NA,4.83333333333333,2,1.55,15.6,24.9156
2026,Basswood,Basswood1,0.53,1,0.47856704,BasswoodA,0.53,10% prairie bottom,10,bottom,7.5,2010,Corn,20,97,2010-10-13,-93.277079,41.537195,Row crop,888.5,2.33,NA,3.41666666666667,30,1.44,16.6,16.1785
2316,Basswood,Basswood1,0.53,1,0.47856704,BasswoodA,0.53,10% prairie bottom,10,bottom,7.5,2010,Corn,20,98,2010-10-13,-93.277083,41.537203,Row crop,888.3,2.27,NA,3.33333333333333,1,5.33,16.5,61.4537
2150,Basswood,Basswood1,0.53,1,0.47856704,BasswoodA,0.53,10% prairie bottom,10,bottom,7.5,2010,Corn,20,99,2010-10-13,-93.277086,41.537212,Row crop,888.4,2.3,NA,6.75,2,10.14,16,116.16
2108,Basswood,Basswood1,0.53,1,0.47856704,BasswoodA,0.53,10% prairie bottom,10,bottom,7.5,2010,Corn,20,100,2010-10-13,-93.277091,41.537229,Row crop,888.6,2.24,NA,6.58333333333333,2,10.84,15.9,127.4743
1866,Basswood,Basswood1,0.53,1,0.47856704,BasswoodA,0.53,10% prairie bottom,10,bottom,7.5,2010,Corn,20,101,2010-10-13,-93.277094,41.537246,Row crop,888.8,2.33,NA,10.25,3,16.73,15.7,189.9914
2250,Basswood,Basswood1,0.53,1,0.47856704,BasswoodA,0.53,10% prairie bottom,10,bottom,7.5,2010,Corn,20,102,2010-10-13,-93.277099,41.53728,Row crop,889.2,3.01,NA,4.41666666666667,1,19.31,15.6,169.8413
1903,Basswood,Basswood1,0.53,1,0.47856704,BasswoodA,0.53,10% prairie bottom,10,bottom,7.5,2010,Corn,20,103,2010-10-13,-93.2771,41.537291,Row crop,889.4,2.95,NA,4.33333333333333,1,16.53,15.7,148.0101
1935,Basswood,Basswood1,0.53,1,0.47856704,BasswoodA,0.53,10% prairie bottom,10,bottom,7.5,2010,Corn,20,104,2010-10-13,-93.277101,41.537304,Row crop,889.4,2.99,NA,13.1666666666667,3,19.23,15.7,170.0065
1740,Basswood,Basswood1,0.53,1,0.47856704,BasswoodA,0.53,10% prairie bottom,10,bottom,7.5,2010,Corn,20,105,2010-10-13,-93.277102,41.537337,Row crop,889.7,2.35,NA,10.3333333333333,3,13.44,15.8,151.2186
1662,Basswood,Basswood1,0.53,1,0.47856704,BasswoodA,0.53,10% prairie bottom,10,bottom,7.5,2010,Corn,20,106,2010-10-13,-93.277101,41.53736,Row crop,889.9,1.85,NA,5.41666666666667,2,11.38,15.7,163.035
1813,Basswood,Basswood1,0.53,1,0.47856704,BasswoodA,0.53,10% prairie bottom,10,bottom,7.5,2010,Corn,20,107,2010-10-13,-93.277101,41.537372,Row crop,890.1,1.53,NA,2.25,1,9.92,15.8,170.8655
1741,Basswood,Basswood1,0.53,1,0.47856704,BasswoodA,0.53,10% prairie bottom,10,bottom,7.5,2010,Corn,20,108,2010-10-13,-93.277101,41.537376,Row crop,890,1.7,NA,2.5,1,5.37,16.1,82.9487
1700,Basswood,Basswood1,0.53,1,0.47856704,BasswoodA,0.53,10% prairie bottom,10,bottom,7.5,2010,Corn,20,109,2010-10-13,-93.277146,41.537203,Row crop,889.3,1.99,NA,5.83333333333333,41,2.18,16.6,28.6912
2149,Basswood,Basswood1,0.53,1,0.47856704,BasswoodA,0.53,10% prairie bottom,10,bottom,7.5,2010,Corn,20,110,2010-10-13,-93.277153,41.537213,Row crop,889.4,1.73,NA,5.08333333333333,2,1.68,16.2,25.4946
2099,Basswood,Basswood1,0.53,1,0.47856704,BasswoodA,0.53,10% prairie bottom,10,bottom,7.5,2010,Corn,20,111,2010-10-13,-93.277154,41.537217,Row crop,889.7,0.11,NA,0.166666666666667,7,0.34,16.4,78.4964
2051,Basswood,Basswood1,0.53,1,0.47856704,BasswoodA,0.53,10% prairie bottom,10,bottom,7.5,2010,Corn,20,112,2010-10-13,-93.277157,41.537225,Row crop,889.8,1.62,NA,4.75,2,2.3,16.6,37.1744
1729,Basswood,Basswood1,0.53,1,0.47856704,BasswoodA,0.53,10% prairie bottom,10,bottom,7.5,2010,Corn,20,113,2010-10-13,-93.277164,41.537242,Row crop,890.1,2.22,NA,3.25,1,3.74,16.6,44.1741
1579,Basswood,Basswood1,0.53,1,0.47856704,BasswoodA,0.53,10% prairie bottom,10,bottom,7.5,2010,Corn,20,114,2010-10-13,-93.277166,41.537251,Row crop,890.2,2.19,NA,6.41666666666667,2,4.45,16.3,53.4342
1701,Basswood,Basswood1,0.53,1,0.47856704,BasswoodA,0.53,10% prairie bottom,10,bottom,7.5,2010,Corn,20,115,2010-10-13,-93.277168,41.537264,Row crop,890.4,1.67,NA,7.33333333333333,3,4.72,16.4,74.2987
1613,Basswood,Basswood1,0.53,1,0.47856704,BasswoodA,0.53,10% prairie bottom,10,bottom,7.5,2010,Corn,20,116,2010-10-13,-93.277171,41.537283,Row crop,890.6,1.5,NA,6.58333333333333,3,4.75,16.2,83.4884
1854,Basswood,Basswood1,0.53,1,0.47856704,BasswoodA,0.53,10% prairie bottom,10,bottom,7.5,2010,Corn,20,117,2010-10-13,-93.277173,41.537301,Row crop,890.7,1.67,NA,7.33333333333333,3,5.14,16.1,81.2004
1535,Basswood,Basswood1,0.53,1,0.47856704,BasswoodA,0.53,10% prairie bottom,10,bottom,7.5,2010,Corn,20,118,2010-10-13,-93.277174,41.537325,Row crop,891,1.89,NA,8.33333333333333,3,7.82,16.1,108.7137
1581,Basswood,Basswood1,0.53,1,0.47856704,BasswoodA,0.53,10% prairie bottom,10,bottom,7.5,2010,Corn,20,119,2010-10-13,-93.277175,41.537350000000004,Row crop,891.3,2.18,NA,9.58333333333333,3,7.55,16.1,91.2697
1668,Basswood,Basswood1,0.53,1,0.47856704,BasswoodA,0.53,10% prairie bottom,10,bottom,7.5,2010,Corn,20,120,2010-10-13,-93.277176,41.537373,Row crop,891.5,1.1,NA,4.83333333333333,3,3.23,16,77.5121
1265,Basswood,Basswood1,0.53,1,0.47856704,BasswoodA,0.53,10% prairie bottom,10,bottom,7.5,2010,Corn,20,121,2010-10-13,-93.27708,41.537233,Row crop,889.3,0.34,NA,0.5,59,0.22,16.8,16.8496
1672,Basswood,Basswood1,0.53,1,0.47856704,BasswoodA,0.53,10% prairie bottom,10,bottom,7.5,2010,Corn,20,122,2010-10-13,-93.277069,41.537237,Row crop,889.2,1.42,NA,2.08333333333333,1,0.77,16.8,14.1536
1957,Basswood,Basswood1,0.53,1,0.47856704,BasswoodA,0.53,10% prairie bottom,10,bottom,7.5,2010,Corn,20,123,2010-10-13,-93.277055,41.53724,Row crop,888.9,2.47,NA,7.25,2,4.22,16.3,44.848
2244,Basswood,Basswood1,0.53,1,0.47856704,BasswoodA,0.53,10% prairie bottom,10,bottom,7.5,2010,Corn,20,124,2010-10-13,-93.277027,41.537246,Row crop,888.5,2.61,NA,3.83333333333333,1,6.26,16.1,63.0627
2124,Basswood,Basswood1,0.53,1,0.47856704,BasswoodA,0.53,10% prairie bottom,10,bottom,7.5,2010,Corn,20,125,2010-10-13,-93.277013,41.537248,Row crop,888.3,2.67,NA,3.91666666666667,1,9.5,16.2,93.5544
1683,Basswood,Basswood1,0.53,1,0.47856704,BasswoodA,0.53,10% prairie bottom,10,bottom,7.5,2010,Corn,20,126,2010-10-13,-93.276999,41.53725,Row crop,888,2.67,NA,3.91666666666667,1,10.96,15.4,108.8338
1722,Basswood,Basswood1,0.53,1,0.47856704,BasswoodA,0.53,10% prairie bottom,10,bottom,7.5,2010,Corn,20,127,2010-10-13,-93.276984,41.53725,Row crop,887.7,2.82,NA,12.4166666666667,3,11.54,15.6,108.3123
1721,Basswood,Basswood1,0.53,1,0.47856704,BasswoodA,0.53,10% prairie bottom,10,bottom,7.5,2010,Corn,20,128,2010-10-13,-93.276932,41.537252,Row crop,886.7,3.24,NA,9.5,2,14.33,15.3,117.3336
2004,Basswood,Basswood1,0.53,1,0.47856704,BasswoodA,0.53,10% prairie bottom,10,bottom,7.5,2010,Corn,20,129,2010-10-13,-93.276895,41.537253,Row crop,886.2,3.41,NA,5,1,11.79,15,91.7094
1679,Basswood,Basswood1,0.53,1,0.47856704,BasswoodA,0.53,10% prairie bottom,10,bottom,7.5,2010,Corn,20,130,2010-10-13,-93.276876,41.537253,Row crop,885.8,3.41,NA,15,3,6.71,15.3,52.1942
1556,Basswood,Basswood1,0.53,1,0.47856704,BasswoodA,0.53,10% prairie bottom,10,bottom,7.5,2010,Corn,20,131,2010-10-13,-93.27682,41.537255,Row crop,884.9,3.41,NA,15,3,7.06,15.3,54.9167
262,Basswood,Basswood1,0.53,1,0.47856704,BasswoodA,0.53,10% prairie bottom,10,bottom,7.5,2010,Corn,20,132,2010-10-13,-93.276765,41.537256,Row crop,884.1,3.47,NA,15.25,3,9.97,15.3,76.281
504,Basswood,Basswood1,0.53,1,0.47856704,BasswoodA,0.53,10% prairie bottom,10,bottom,7.5,2010,Corn,20,133,2010-10-13,-93.276707,41.537257,Row crop,883.3,3.56,NA,15.6666666666667,3,14.89,15.1,110.8943
629,Basswood,Basswood1,0.53,1,0.47856704,BasswoodA,0.53,10% prairie bottom,10,bottom,7.5,2010,Corn,20,134,2010-10-13,-93.276649,41.537258,Row crop,882.7,3.54,NA,15.5833333333333,3,17.96,15.2,134.4736
712,Basswood,Basswood1,0.53,1,0.47856704,BasswoodA,0.53,10% prairie bottom,10,bottom,7.5,2010,Corn,20,135,2010-10-13,-93.276593,41.537258,Row crop,882.5,3.5,NA,15.4166666666667,3,18.72,15.6,141.5117
263,Basswood,Basswood1,0.53,1,0.47856704,BasswoodA,0.53,10% prairie bottom,10,bottom,7.5,2010,Corn,20,136,2010-10-13,-93.276534,41.537258,Row crop,882,3.54,NA,15.5833333333333,3,21.45,15.4,160.6046
303,Basswood,Basswood1,0.53,1,0.47856704,BasswoodA,0.53,10% prairie bottom,10,bottom,7.5,2010,Corn,20,137,2010-10-13,-93.276476,41.537258,Row crop,881.5,3.56,NA,15.6666666666667,3,23.67,15.4,176.2839
141,Basswood,Basswood1,0.53,1,0.47856704,BasswoodA,0.53,10% prairie bottom,10,bottom,7.5,2010,Corn,20,138,2010-10-13,-93.276419,41.537259,Row crop,881,3.54,NA,15.5833333333333,3,22.82,15.4,170.8624
46,Basswood,Basswood1,0.53,1,0.47856704,BasswoodA,0.53,10% prairie bottom,10,bottom,7.5,2010,Corn,20,139,2010-10-13,-93.27636,41.53726,Row crop,880.2,3.55,NA,10.4166666666667,2,20.92,15.4,156.2186
16,Basswood,Basswood1,0.53,1,0.47856704,BasswoodA,0.53,10% prairie bottom,10,bottom,7.5,2010,Corn,20,140,2010-10-13,-93.276321,41.537259,Row crop,879.7,3.56,NA,15.6666666666667,3,16.83,15.2,125.3426
62,Basswood,Basswood1,0.53,1,0.47856704,BasswoodA,0.53,10% prairie bottom,10,bottom,7.5,2010,Corn,20,160,2010-10-13,-93.276232,41.537314,Row crop,877.7,3.05,NA,13.4166666666667,3,7.51,15.3,65.311
472,Basswood,Basswood1,0.53,1,0.47856704,BasswoodA,0.53,10% prairie bottom,10,bottom,7.5,2010,Corn,20,161,2010-10-13,-93.276281,41.537313,Row crop,878.2,3.01,NA,4.41666666666667,1,9.59,15.3,84.4489
270,Basswood,Basswood1,0.53,1,0.47856704,BasswoodA,0.53,10% prairie bottom,10,bottom,7.5,2010,Corn,20,162,2010-10-13,-93.276297,41.537313,Row crop,878.3,3.07,NA,4.5,1,9.22,15.4,79.6871
164,Basswood,Basswood1,0.53,1,0.47856704,BasswoodA,0.53,10% prairie bottom,10,bottom,7.5,2010,Corn,20,163,2010-10-13,-93.276314,41.537313,Row crop,878.6,3.22,NA,14.1666666666667,3,9.49,15.3,78.1609
155,Basswood,Basswood1,0.53,1,0.47856704,BasswoodA,0.53,10% prairie bottom,10,bottom,7.5,2010,Corn,20,164,2010-10-13,-93.276369,41.537314,Row crop,879,3.35,NA,4.91666666666667,1,13.29,15.3,105.1294
86,Basswood,Basswood1,0.53,1,0.47856704,BasswoodA,0.53,10% prairie bottom,10,bottom,7.5,2010,Corn,20,165,2010-10-13,-93.276387,41.537313,Row crop,879.2,3.37,NA,14.8333333333333,3,12.25,15.4,96.3581
75,Basswood,Basswood1,0.53,1,0.47856704,BasswoodA,0.53,10% prairie bottom,10,bottom,7.5,2010,Corn,20,166,2010-10-13,-93.276441,41.537313,Row crop,879.7,3.37,NA,14.8333333333333,3,16.77,15.4,131.9123
150,Basswood,Basswood1,0.53,1,0.47856704,BasswoodA,0.53,10% prairie bottom,10,bottom,7.5,2010,Corn,20,167,2010-10-13,-93.276495,41.537313,Row crop,880.4,3.39,NA,14.9166666666667,3,20.1,15.1,157.2227
76,Basswood,Basswood1,0.53,1,0.47856704,BasswoodA,0.53,10% prairie bottom,10,bottom,7.5,2010,Corn,20,168,2010-10-13,-93.27655,41.537313,Row crop,880.9,3.38,NA,9.91666666666667,2,21.62,15.3,169.5859
123,Basswood,Basswood1,0.53,1,0.47856704,BasswoodA,0.53,10% prairie bottom,10,bottom,7.5,2010,Corn,20,169,2010-10-13,-93.276591,41.537312,Row crop,881.4,3.88,NA,17.0833333333333,3,20.4,15.4,139.3313
135,Basswood,Basswood1,0.53,1,0.47856704,BasswoodA,0.53,10% prairie bottom,10,bottom,7.5,2010,Corn,20,170,2010-10-13,-93.276655,41.537312,Row crop,881.9,3.94,NA,17.3333333333333,3,15.35,15.4,103.3279
6,Basswood,Basswood1,0.53,1,0.47856704,BasswoodA,0.53,10% prairie bottom,10,bottom,7.5,2010,Corn,20,171,2010-10-13,-93.276718,41.53731,Row crop,882.9,3.94,NA,17.3333333333333,3,6.4,15.8,42.9284
18,Basswood,Basswood1,0.53,1,0.47856704,BasswoodA,0.53,10% prairie bottom,10,bottom,7.5,2010,Corn,20,172,2010-10-13,-93.276779,41.537308,Row crop,884.1,3.89,NA,11.4166666666667,2,5.22,15.5,35.5657
69,Basswood,Basswood1,0.53,1,0.47856704,BasswoodA,0.53,10% prairie bottom,10,bottom,7.5,2010,Corn,20,173,2010-10-13,-93.276821,41.537307,Row crop,885,3.9,NA,17.1666666666667,3,8.44,15.2,57.3651
309,Basswood,Basswood1,0.53,1,0.47856704,BasswoodA,0.53,10% prairie bottom,10,bottom,7.5,2010,Corn,20,174,2010-10-13,-93.276882,41.537307,Row crop,886.4,3.86,NA,11.3333333333333,2,12.43,15.2,85.3126
254,Basswood,Basswood1,0.53,1,0.47856704,BasswoodA,0.53,10% prairie bottom,10,bottom,7.5,2010,Corn,20,175,2010-10-13,-93.276922,41.537307,Row crop,887.4,3.81,NA,5.58333333333333,1,13.7,15.2,95.4326
64,Basswood,Basswood1,0.53,1,0.47856704,BasswoodA,0.53,10% prairie bottom,10,bottom,7.5,2010,Corn,20,176,2010-10-13,-93.276943,41.537306,Row crop,887.9,3.84,NA,16.9166666666667,3,22.52,15.3,155.3262
176,Basswood,Basswood1,0.53,1,0.47856704,BasswoodA,0.53,10% prairie bottom,10,bottom,7.5,2010,Corn,20,177,2010-10-13,-93.277006,41.537306,Row crop,889.2,3.88,NA,17.0833333333333,3,10.12,15.1,69.1192
194,Basswood,Basswood1,0.53,1,0.47856704,BasswoodA,0.53,10% prairie bottom,10,bottom,7.5,2010,Corn,20,178,2010-10-13,-93.27709,41.537349,Row crop,891.7,1.62,NA,4.75,31,2.58,15.8,42.0999
203,Basswood,Basswood1,0.53,1,0.47856704,BasswoodA,0.53,10% prairie bottom,10,bottom,7.5,2010,Corn,20,179,2010-10-13,-93.277073,41.537352,Row crop,891.1,1.59,NA,2.33333333333333,1,7.26,15.2,121.0123
11,Basswood,Basswood1,0.53,1,0.47856704,BasswoodA,0.53,10% prairie bottom,10,bottom,7.5,2010,Corn,20,180,2010-10-13,-93.277064,41.537355,Row crop,891,1.59,NA,2.33333333333333,1,9.04,15.1,150.682
10,Basswood,Basswood1,0.53,1,0.47856704,BasswoodA,0.53,10% prairie bottom,10,bottom,7.5,2010,Corn,20,181,2010-10-13,-93.277056,41.537356,Row crop,890.8,1.72,NA,7.58333333333333,3,12.07,15.3,185.7113
53,Basswood,Basswood1,0.53,1,0.47856704,BasswoodA,0.53,10% prairie bottom,10,bottom,7.5,2010,Corn,20,182,2010-10-13,-93.277019,41.537359,Row crop,890.1,2.78,NA,12.25,3,14.61,15.4,139.1571
191,Basswood,Basswood1,0.53,1,0.47856704,BasswoodA,0.53,10% prairie bottom,10,bottom,7.5,2010,Corn,20,183,2010-10-13,-93.276969,41.537361,Row crop,889,3.04,NA,8.91666666666667,2,16,15,139.5781
112,Basswood,Basswood1,0.53,1,0.47856704,BasswoodA,0.53,10% prairie bottom,10,bottom,7.5,2010,Corn,20,184,2010-10-13,-93.276935,41.537362,Row crop,888.1,3.07,NA,13.5,3,17.2,15.1,148.6571
869,Basswood,Basswood1,0.53,1,0.47856704,BasswoodA,0.53,10% prairie bottom,10,bottom,7.5,2010,Corn,20,185,2010-10-13,-93.276884,41.537362,Row crop,886.9,3.07,NA,4.5,1,18.17,14.9,157.0407
505,Basswood,Basswood1,0.53,1,0.47856704,BasswoodA,0.53,10% prairie bottom,10,bottom,7.5,2010,Corn,20,186,2010-10-13,-93.276867,41.537362,Row crop,886.6,3.07,NA,13.5,3,12.36,14.8,106.8257
1034,Basswood,Basswood1,0.53,1,0.47856704,BasswoodA,0.53,10% prairie bottom,10,bottom,7.5,2010,Corn,20,187,2010-10-13,-93.276817,41.537363,Row crop,885.4,3.09,NA,13.5833333333333,3,8.59,14.9,73.7867
1319,Basswood,Basswood1,0.53,1,0.47856704,BasswoodA,0.53,10% prairie bottom,10,bottom,7.5,2010,Corn,20,188,2010-10-13,-93.276766,41.537363,Row crop,884.2,3.35,NA,14.75,3,11.87,14.9,93.8966
874,Basswood,Basswood1,0.53,1,0.47856704,BasswoodA,0.53,10% prairie bottom,10,bottom,7.5,2010,Corn,20,189,2010-10-13,-93.276707,41.537363,Row crop,882.6,3.54,NA,15.5833333333333,3,10.91,15.2,81.6875
1323,Basswood,Basswood1,0.53,1,0.47856704,BasswoodA,0.53,10% prairie bottom,10,bottom,7.5,2010,Corn,20,190,2010-10-13,-93.27665,41.537363,Row crop,881.4,3.54,NA,15.5833333333333,3,10.29,15.2,77.0453
672,Basswood,Basswood1,0.53,1,0.47856704,BasswoodA,0.53,10% prairie bottom,10,bottom,7.5,2010,Corn,20,191,2010-10-13,-93.276594,41.537363,Row crop,880.5,3.43,NA,15.0833333333333,3,12.45,15.3,96.3082
997,Basswood,Basswood1,0.53,1,0.47856704,BasswoodA,0.53,10% prairie bottom,10,bottom,7.5,2010,Corn,20,192,2010-10-13,-93.276543,41.537364,Row crop,879.6,2.97,NA,13.0833333333333,3,13.95,15.4,124.4076
924,Basswood,Basswood1,0.53,1,0.47856704,BasswoodA,0.53,10% prairie bottom,10,bottom,7.5,2010,Corn,20,193,2010-10-13,-93.276495,41.537365,Row crop,878.9,2.93,NA,8.58333333333333,2,9.8,15.3,88.8117
842,Basswood,Basswood1,0.53,1,0.47856704,BasswoodA,0.53,10% prairie bottom,10,bottom,7.5,2010,Corn,20,194,2010-10-13,-93.276463,41.537365,Row crop,878.5,2.93,NA,8.58333333333333,2,7.95,15.2,72.0462
921,Basswood,Basswood1,0.53,1,0.47856704,BasswoodA,0.53,10% prairie bottom,10,bottom,7.5,2010,Corn,20,195,2010-10-13,-93.276428,41.537364,Row crop,878.1,3.24,NA,9.5,2,6.25,15.2,51.1748
436,Basswood,Basswood1,0.53,1,0.47856704,BasswoodA,0.53,10% prairie bottom,10,bottom,7.5,2010,Corn,20,196,2010-10-13,-93.276394,41.537362,Row crop,878,3.28,NA,14.4166666666667,3,4.62,15.2,37.3911
314,Basswood,Basswood1,0.53,1,0.47856704,BasswoodA,0.53,10% prairie bottom,10,bottom,7.5,2010,Corn,20,197,2010-10-13,-93.276338,41.537358,Row crop,877.4,3.35,NA,4.91666666666667,1,3.92,14.6,31.0088
515,Basswood,Basswood1,0.53,1,0.47856704,BasswoodA,0.53,10% prairie bottom,10,bottom,7.5,2010,Corn,20,198,2010-10-13,-93.276317,41.537358,Row crop,877.1,3.75,NA,11,2,2.76,14.9,19.5171
433,Basswood,Basswood1,0.53,1,0.47856704,BasswoodA,0.53,10% prairie bottom,10,bottom,7.5,2010,Corn,20,199,2010-10-13,-93.276194,41.537361,Row crop,875.6,3.75,NA,5.5,5,1.98,15.3,14.0014
554,Basswood,Basswood1,0.53,1,0.47856704,BasswoodA,0.53,10% prairie bottom,10,bottom,7.5,2010,Corn,20,200,2010-10-13,-93.276172,41.537363,Row crop,875.2,3.81,NA,11.1666666666667,2,2.03,14.6,14.1407
1268,Basswood,Basswood1,0.53,1,0.47856704,BasswoodA,0.53,10% prairie bottom,10,bottom,7.5,2010,Corn,20,209,2010-10-14,-93.277099,41.537376,Row crop,895,2.39,NA,3.5,41893,4.09,15,45.4491
1026,Basswood,Basswood1,0.53,1,0.47856704,BasswoodA,0.53,10% prairie bottom,10,bottom,7.5,2010,Corn,20,210,2010-10-14,-93.277099,41.537385,Row crop,895.1,2.41,NA,10.5833333333333,3,11.1,13.2,122.3747
1149,Basswood,Basswood1,0.53,1,0.47856704,BasswoodA,0.53,10% prairie bottom,10,bottom,7.5,2010,Corn,20,211,2010-10-14,-93.277098,41.537414,Row crop,895.5,2.39,NA,3.5,1,12.51,17.4,135.8884
1392,Basswood,Basswood1,0.53,1,0.47856704,BasswoodA,0.53,10% prairie bottom,10,bottom,7.5,2010,Corn,20,212,2010-10-14,-93.277099,41.537422,Row crop,895.5,1.63,NA,7.16666666666667,3,3.79,16.9,60.6817
419,Basswood,Basswood1,0.53,1,0.47856704,BasswoodA,0.53,10% prairie bottom,10,bottom,7.5,2010,Corn,20,213,2010-10-14,-93.277099,41.537424,Row crop,895.5,0.13,NA,0.583333333333333,3,1.09,17.1,213.894
785,Basswood,Basswood1,0.53,1,0.47856704,BasswoodA,0.53,10% prairie bottom,10,bottom,7.5,2010,Corn,20,214,2010-10-14,-93.277099,41.537425,Row crop,895.5,0.03,NA,0.0833333333333333,2,0.03,17.3,27.4063
1027,Basswood,Basswood1,0.53,1,0.47856704,BasswoodA,0.53,10% prairie bottom,10,bottom,7.5,2010,Corn,20,215,2010-10-14,-93.277099,41.537445,Row crop,894.9,2.05,NA,9,30,11.27,16.5,144.3784
1883,Basswood,Basswood1,0.53,1,0.47856704,BasswoodA,0.53,10% prairie bottom,10,bottom,7.5,2010,Corn,20,216,2010-10-14,-93.2771,41.537473,Row crop,894.9,2.22,NA,3.25,1,15.74,16.5,186.132
1720,Basswood,Basswood1,0.53,1,0.47856704,BasswoodA,0.53,10% prairie bottom,10,bottom,7.5,2010,Corn,20,217,2010-10-14,-93.2771,41.537482,Row crop,895,2.44,NA,10.75,3,16.63,16.2,179.0038
2286,Basswood,Basswood1,0.53,1,0.47856704,BasswoodA,0.53,10% prairie bottom,10,bottom,7.5,2010,Corn,20,218,2010-10-14,-93.277099,41.537516,Row crop,895.2,2.67,NA,3.91666666666667,1,17.79,16.3,174.9838
2159,Basswood,Basswood1,0.53,1,0.47856704,BasswoodA,0.53,10% prairie bottom,10,bottom,7.5,2010,Corn,20,219,2010-10-14,-93.277099,41.537527,Row crop,895.3,2.73,NA,12,3,18.32,16.5,176.0212
1893,Basswood,Basswood1,0.53,1,0.47856704,BasswoodA,0.53,10% prairie bottom,10,bottom,7.5,2010,Corn,20,220,2010-10-14,-93.2771,41.53756,Row crop,895.4,2.75,NA,12.0833333333333,3,19.89,16.4,190.0154
1734,Basswood,Basswood1,0.53,1,0.47856704,BasswoodA,0.53,10% prairie bottom,10,bottom,7.5,2010,Corn,20,221,2010-10-14,-93.2771,41.537595,Row crop,895.5,2.93,NA,8.58333333333333,2,21.11,16.7,188.5908
1732,Basswood,Basswood1,0.53,1,0.47856704,BasswoodA,0.53,10% prairie bottom,10,bottom,7.5,2010,Corn,20,222,2010-10-14,-93.277101,41.53762,Row crop,895.6,2.95,NA,4.33333333333333,1,20.19,16.8,178.4229
1621,Basswood,Basswood1,0.53,1,0.47856704,BasswoodA,0.53,10% prairie bottom,10,bottom,7.5,2010,Corn,20,223,2010-10-14,-93.277101,41.537632,Row crop,895.8,2.99,NA,13.1666666666667,3,23.43,16.6,204.9259
1158,Basswood,Basswood1,0.53,1,0.47856704,BasswoodA,0.53,10% prairie bottom,10,bottom,7.5,2010,Corn,20,377,2010-10-14,-93.277027,41.537626,Row crop,895.7,3.11,NA,13.6666666666667,3,23.97,16.6,201.9788
1359,Basswood,Basswood1,0.53,1,0.47856704,BasswoodA,0.53,10% prairie bottom,10,bottom,7.5,2010,Corn,20,378,2010-10-14,-93.277027,41.537587,Row crop,895.7,3.1,NA,9.08333333333333,2,21.91,16.5,185.4073
1398,Basswood,Basswood1,0.53,1,0.47856704,BasswoodA,0.53,10% prairie bottom,10,bottom,7.5,2010,Corn,20,379,2010-10-14,-93.277027,41.537566,Row crop,895.7,2.67,NA,3.91666666666667,1,17.59,16.4,172.8099
1654,Basswood,Basswood1,0.53,1,0.47856704,BasswoodA,0.53,10% prairie bottom,10,bottom,7.5,2010,Corn,20,380,2010-10-14,-93.277027,41.537558,Row crop,895.6,2.22,NA,3.25,1,14.42,16.4,170.7266
1578,Basswood,Basswood1,0.53,1,0.47856704,BasswoodA,0.53,10% prairie bottom,10,bottom,7.5,2010,Corn,20,381,2010-10-14,-93.277028,41.537551,Row crop,895.5,1.73,NA,5.08333333333333,2,12.97,16.3,196.5893
1498,Basswood,Basswood1,0.53,1,0.47856704,BasswoodA,0.53,10% prairie bottom,10,bottom,7.5,2010,Corn,20,382,2010-10-14,-93.277031,41.537539,Row crop,895.5,1.59,NA,2.33333333333333,1,11.55,16.5,190.2413
975,Basswood,Basswood1,0.53,1,0.47856704,BasswoodA,0.53,10% prairie bottom,10,bottom,7.5,2010,Corn,20,383,2010-10-14,-93.277034,41.537532,Row crop,895.5,1.61,NA,7.08333333333333,3,8.19,16.4,133.471
652,Basswood,Basswood1,0.53,1,0.47856704,BasswoodA,0.53,10% prairie bottom,10,bottom,7.5,2010,Corn,20,384,2010-10-14,-93.277042,41.537513,Row crop,895.5,1.59,NA,4.66666666666667,2,7.65,16.4,126.1549
529,Basswood,Basswood1,0.53,1,0.47856704,BasswoodA,0.53,10% prairie bottom,10,bottom,7.5,2010,Corn,20,385,2010-10-14,-93.27705,41.537502,Row crop,895.5,1.61,NA,7.08333333333333,3,5.54,16.3,90.3924
1174,Basswood,Basswood1,0.53,1,0.47856704,BasswoodA,0.53,10% prairie bottom,10,bottom,7.5,2010,Corn,20,386,2010-10-14,-93.277062,41.537484,Row crop,895.5,1.59,NA,4.66666666666667,2,3.67,16.7,60.3042
853,Basswood,Basswood1,0.53,1,0.47856704,BasswoodA,0.53,10% prairie bottom,10,bottom,7.5,2010,Corn,20,387,2010-10-14,-93.2766,41.537369,Row crop,884,2.76,NA,8.08333333333333,277,5.02,15,48.3073
1049,Basswood,Basswood1,0.53,1,0.47856704,BasswoodA,0.53,10% prairie bottom,10,bottom,7.5,2010,Corn,20,388,2010-10-14,-93.2766,41.537389,Row crop,884.3,2.67,NA,3.91666666666667,1,7.79,15,77.3554
484,Basswood,Basswood1,0.53,1,0.47856704,BasswoodA,0.53,10% prairie bottom,10,bottom,7.5,2010,Corn,20,389,2010-10-14,-93.276599,41.537399,Row crop,884.5,2.71,NA,11.9166666666667,3,7.6,15,74.4132
889,Basswood,Basswood1,0.53,1,0.47856704,BasswoodA,0.53,10% prairie bottom,10,bottom,7.5,2010,Corn,20,390,2010-10-14,-93.276597,41.537432,Row crop,884.9,2.73,NA,4,1,7.15,15,69.521
606,Basswood,Basswood1,0.53,1,0.47856704,BasswoodA,0.53,10% prairie bottom,10,bottom,7.5,2010,Corn,20,391,2010-10-14,-93.276597,41.537443,Row crop,885,2.73,NA,4,1,5.74,15,55.8113
483,Basswood,Basswood1,0.53,1,0.47856704,BasswoodA,0.53,10% prairie bottom,10,bottom,7.5,2010,Corn,20,392,2010-10-14,-93.276597,41.537454,Row crop,885.2,2.67,NA,3.91666666666667,1,5.57,15,55.3106
482,Basswood,Basswood1,0.53,1,0.47856704,BasswoodA,0.53,10% prairie bottom,10,bottom,7.5,2010,Corn,20,393,2010-10-14,-93.276597,41.537464,Row crop,885.4,2.67,NA,3.91666666666667,1,5.68,15,56.4029
605,Basswood,Basswood1,0.53,1,0.47856704,BasswoodA,0.53,10% prairie bottom,10,bottom,7.5,2010,Corn,20,394,2010-10-14,-93.276597,41.537476,Row crop,885.4,2.73,NA,12,3,7.37,13.6,71.6601
724,Basswood,Basswood1,0.53,1,0.47856704,BasswoodA,0.53,10% prairie bottom,10,bottom,7.5,2010,Corn,20,395,2010-10-14,-93.276595,41.537508,Row crop,886,2.67,NA,3.91666666666667,1,8.93,15.3,88.6757
368,Basswood,Basswood1,0.53,1,0.47856704,BasswoodA,0.53,10% prairie bottom,10,bottom,7.5,2010,Corn,20,396,2010-10-14,-93.276595,41.537519,Row crop,886.1,2.67,NA,3.91666666666667,1,8.6,16.6,84.2871
1920,Basswood,Basswood1,0.53,1,0.47856704,BasswoodA,0.53,10% prairie bottom,10,bottom,7.5,2010,Corn,20,397,2010-10-14,-93.276595,41.53753,Row crop,886.4,2.69,NA,11.8333333333333,3,10.44,16.1,102.2091
1352,Basswood,Basswood1,0.53,1,0.47856704,BasswoodA,0.53,10% prairie bottom,10,bottom,7.5,2010,Corn,20,398,2010-10-14,-93.276595,41.537563,Row crop,887,2.73,NA,4,1,10.54,15.7,102.2401
1473,Basswood,Basswood1,0.53,1,0.47856704,BasswoodA,0.53,10% prairie bottom,10,bottom,7.5,2010,Corn,20,399,2010-10-14,-93.276595,41.537576,Row crop,887.2,3.13,NA,13.75,3,12.68,15.8,107.2168
2005,Basswood,Basswood1,0.53,1,0.47856704,BasswoodA,0.53,10% prairie bottom,10,bottom,7.5,2010,Corn,20,400,2010-10-14,-93.276597,41.537614,Row crop,887.8,3.13,NA,4.58333333333333,1,14.22,16,119.9529
2002,Basswood,Basswood1,0.53,1,0.47856704,BasswoodA,0.53,10% prairie bottom,10,bottom,7.5,2010,Corn,20,401,2010-10-14,-93.276598,41.537627,Row crop,888,3.13,NA,4.58333333333333,1,13.05,15.9,110.2144
1717,Basswood,Basswood1,0.53,1,0.47856704,BasswoodA,0.53,10% prairie bottom,10,bottom,7.5,2010,Corn,20,402,2010-10-14,-93.276598,41.53764,Row crop,888.2,3.18,NA,14,3,13.06,15.8,108.458
2301,Basswood,Basswood1,0.53,1,0.47856704,BasswoodA,0.53,10% prairie bottom,10,bottom,7.5,2010,Corn,20,713,2010-10-14,-93.276529,41.537654,Row crop,886.8,4.17,NA,18.3333333333333,3,18.93,15.4,120.4759
2317,Basswood,Basswood1,0.53,1,0.47856704,BasswoodA,0.53,10% prairie bottom,10,bottom,7.5,2010,Corn,20,714,2010-10-14,-93.276526,41.537602,Row crop,886.2,4.2,NA,6.16666666666667,1,17.82,15.6,112.2568
2198,Basswood,Basswood1,0.53,1,0.47856704,BasswoodA,0.53,10% prairie bottom,10,bottom,7.5,2010,Corn,20,715,2010-10-14,-93.276526,41.537585,Row crop,885.9,4.22,NA,18.5833333333333,3,16.9,15.9,105.6072
1953,Basswood,Basswood1,0.53,1,0.47856704,BasswoodA,0.53,10% prairie bottom,10,bottom,7.5,2010,Corn,20,716,2010-10-14,-93.276524,41.537533,Row crop,885,4.15,NA,6.08333333333333,1,13.89,15.5,88.8036
1790,Basswood,Basswood1,0.53,1,0.47856704,BasswoodA,0.53,10% prairie bottom,10,bottom,7.5,2010,Corn,20,717,2010-10-14,-93.276524,41.537516,Row crop,884.9,4.22,NA,18.5833333333333,3,14.21,15.4,89.2199
2201,Basswood,Basswood1,0.53,1,0.47856704,BasswoodA,0.53,10% prairie bottom,10,bottom,7.5,2010,Corn,20,718,2010-10-14,-93.276526,41.537465,Row crop,884.2,4.19,NA,18.4166666666667,3,15.41,15.6,97.5143
2242,Basswood,Basswood1,0.53,1,0.47856704,BasswoodA,0.53,10% prairie bottom,10,bottom,7.5,2010,Corn,20,719,2010-10-14,-93.276528,41.537413,Row crop,883.5,4.2,NA,12.3333333333333,2,6.55,15.6,41.2616
2160,Basswood,Basswood1,0.53,1,0.47856704,BasswoodA,0.53,10% prairie bottom,10,bottom,7.5,2010,Corn,20,720,2010-10-14,-93.276474,41.537368,Row crop,883,2.9,NA,4.25,107,1.77,15,16.1977
2279,Basswood,Basswood1,0.53,1,0.47856704,BasswoodA,0.53,10% prairie bottom,10,bottom,7.5,2010,Corn,20,721,2010-10-14,-93.276474,41.53738,Row crop,882.8,2.9,NA,4.25,1,1.94,15,17.7534
2119,Basswood,Basswood1,0.53,1,0.47856704,BasswoodA,0.53,10% prairie bottom,10,bottom,7.5,2010,Corn,20,722,2010-10-14,-93.276474,41.537391,Row crop,882.7,2.84,NA,4.16666666666667,1,3.05,15,28.4696
2037,Basswood,Basswood1,0.53,1,0.47856704,BasswoodA,0.53,10% prairie bottom,10,bottom,7.5,2010,Corn,20,723,2010-10-14,-93.276471,41.537405,Row crop,882.5,2.46,NA,10.8333333333333,3,2.45,15,26.3873
1549,Basswood,Basswood1,0.53,1,0.47856704,BasswoodA,0.53,10% prairie bottom,10,bottom,7.5,2010,Corn,20,724,2010-10-14,-93.276471,41.537404,Row crop,882.3,0.23,NA,0.333333333333333,1,0.32,15,37.3371
1833,Basswood,Basswood1,0.53,1,0.47856704,BasswoodA,0.53,10% prairie bottom,10,bottom,7.5,2010,Corn,20,725,2010-10-14,-93.276471,41.537393,Row crop,882.7,2.22,NA,9.75,7,1.07,15,12.8047
1467,Basswood,Basswood1,0.53,1,0.47856704,BasswoodA,0.53,10% prairie bottom,10,bottom,7.5,2010,Corn,20,726,2010-10-14,-93.276462,41.537428,Row crop,882.7,2.95,NA,13,3,3.55,15,31.8622
1221,Basswood,Basswood1,0.53,1,0.47856704,BasswoodA,0.53,10% prairie bottom,10,bottom,7.5,2010,Corn,20,727,2010-10-14,-93.276456,41.537461,Row crop,883.1,2.9,NA,8.5,2,1.71,15,15.6487
1303,Basswood,Basswood1,0.53,1,0.47856704,BasswoodA,0.53,10% prairie bottom,10,bottom,7.5,2010,Corn,20,728,2010-10-14,-93.276453,41.537485,Row crop,883.3,2.9,NA,8.5,2,2.11,15,19.3092
816,Basswood,Basswood1,0.53,1,0.47856704,BasswoodA,0.53,10% prairie bottom,10,bottom,7.5,2010,Corn,20,729,2010-10-14,-93.276452,41.537511,Row crop,883.7,3.18,NA,9.33333333333333,2,4.56,11.3,38.0039
1504,Basswood,Basswood1,0.53,1,0.47856704,BasswoodA,0.53,10% prairie bottom,10,bottom,7.5,2010,Corn,20,730,2010-10-14,-93.276453,41.537539,Row crop,883.9,3.3,NA,9.66666666666667,2,7.69,15.1,61.8799
1383,Basswood,Basswood1,0.53,1,0.47856704,BasswoodA,0.53,10% prairie bottom,10,bottom,7.5,2010,Corn,20,731,2010-10-14,-93.276453,41.537565,Row crop,884.3,3.3,NA,9.66666666666667,2,12.42,16.1,99.2316
1382,Basswood,Basswood1,0.53,1,0.47856704,BasswoodA,0.53,10% prairie bottom,10,bottom,7.5,2010,Corn,20,732,2010-10-14,-93.276453,41.537592,Row crop,884.6,3.28,NA,14.4166666666667,3,14.65,15.7,118.2864
894,Basswood,Basswood1,0.53,1,0.47856704,BasswoodA,0.53,10% prairie bottom,10,bottom,7.5,2010,Corn,20,733,2010-10-14,-93.276455,41.537631,Row crop,885.2,3.3,NA,14.5,3,18.13,15.6,145.7158
1886,Basswood,Basswood1,0.53,1,0.47856704,BasswoodA,0.53,10% prairie bottom,10,bottom,7.5,2010,Corn,20,1022,2010-10-14,-93.276381,41.537652,Row crop,881.8,3.31,NA,14.5833333333333,3,10,15.6,79.9135
1963,Basswood,Basswood1,0.53,1,0.47856704,BasswoodA,0.53,10% prairie bottom,10,bottom,7.5,2010,Corn,20,1023,2010-10-14,-93.27638,41.537611,Row crop,881.3,3.33,NA,14.6666666666667,3,6.57,16,51.9574
1861,Basswood,Basswood1,0.53,1,0.47856704,BasswoodA,0.53,10% prairie bottom,10,bottom,7.5,2010,Corn,20,1024,2010-10-14,-93.27638,41.537571,Row crop,880.8,3.31,NA,14.5833333333333,3,2.88,15.9,22.9333
1779,Basswood,Basswood1,0.53,1,0.47856704,BasswoodA,0.53,10% prairie bottom,10,bottom,7.5,2010,Corn,20,1025,2010-10-14,-93.276379,41.537531,Row crop,880.5,3.3,NA,14.5,3,4.15,16.1,33.1571
1497,Basswood,Basswood1,0.53,1,0.47856704,BasswoodA,0.53,10% prairie bottom,10,bottom,7.5,2010,Corn,20,1026,2010-10-14,-93.276378,41.537491,Row crop,880.2,3.3,NA,9.66666666666667,2,3.2,16,25.5974
1344,Basswood,Basswood1,0.53,1,0.47856704,BasswoodA,0.53,10% prairie bottom,10,bottom,7.5,2010,Corn,20,1027,2010-10-14,-93.276379,41.537464,Row crop,880,3.3,NA,9.66666666666667,2,3.43,16.2,27.3719
1544,Basswood,Basswood1,0.53,1,0.47856704,BasswoodA,0.53,10% prairie bottom,10,bottom,7.5,2010,Corn,20,1028,2010-10-14,-93.276383,41.537438,Row crop,879.7,3.28,NA,14.4166666666667,3,2.8,16.3,22.4467
240,Basswood,Basswood1,0.53,1,0.47856704,BasswoodA,0.53,10% prairie bottom,10,bottom,7.5,2010,Corn,20,1108,2010-10-14,-93.27632,41.537634,Row crop,880.8,3.3,NA,4.83333333333333,1,3.71,15.5,29.8536
458,Basswood,Basswood1,0.53,1,0.47856704,BasswoodA,0.53,10% prairie bottom,10,bottom,7.5,2010,Corn,20,1109,2010-10-14,-93.27633,41.537623,Row crop,881.1,3.35,NA,9.83333333333333,2,2.39,15.3,18.9059
2173,Basswood,Basswood1,0.53,1,0.47856704,BasswoodA,0.53,10% prairie bottom,10,bottom,7.5,2010,Corn,20,2475,2010-10-14,-93.276699,41.537626,Row crop,888.5,4.4,NA,12.9166666666667,2,24.73,15.2,148.927
2282,Basswood,Basswood1,0.53,1,0.47856704,BasswoodA,0.53,10% prairie bottom,10,bottom,7.5,2010,Corn,20,2476,2010-10-14,-93.276682,41.537591,Row crop,887.6,4.43,NA,6.5,1,24.89,15.3,148.9297
2217,Basswood,Basswood1,0.53,1,0.47856704,BasswoodA,0.53,10% prairie bottom,10,bottom,7.5,2010,Corn,20,2477,2010-10-14,-93.276675,41.537573,Row crop,887.2,4.32,NA,6.33333333333333,1,24.56,15,150.8224
2158,Basswood,Basswood1,0.53,1,0.47856704,BasswoodA,0.53,10% prairie bottom,10,bottom,7.5,2010,Corn,20,2478,2010-10-14,-93.27667,41.537556,Row crop,886.7,4.2,NA,6.16666666666667,1,24.04,14.9,151.6191
1885,Basswood,Basswood1,0.53,1,0.47856704,BasswoodA,0.53,10% prairie bottom,10,bottom,7.5,2010,Corn,20,2479,2010-10-14,-93.276668,41.537539,Row crop,886.3,4.2,NA,6.16666666666667,1,20.49,15.1,129.2294
2057,Basswood,Basswood1,0.53,1,0.47856704,BasswoodA,0.53,10% prairie bottom,10,bottom,7.5,2010,Corn,20,2480,2010-10-14,-93.276668,41.537522,Row crop,886,4.15,NA,12.1666666666667,2,15.25,15,97.4985
1928,Basswood,Basswood1,0.53,1,0.47856704,BasswoodA,0.53,10% prairie bottom,10,bottom,7.5,2010,Corn,20,2481,2010-10-14,-93.276671,41.537488,Row crop,885.4,4.29,NA,12.5833333333333,2,8.64,15.1,53.4094
2078,Basswood,Basswood1,0.53,1,0.47856704,BasswoodA,0.53,10% prairie bottom,10,bottom,7.5,2010,Corn,20,2482,2010-10-14,-93.276674,41.537451,Row crop,884.6,4.43,NA,13,2,6.71,15,40.1494
1805,Basswood,Basswood1,0.53,1,0.47856704,BasswoodA,0.53,10% prairie bottom,10,bottom,7.5,2010,Corn,20,2483,2010-10-14,-93.276679,41.537416,Row crop,884.2,4.35,NA,12.75,2,4.88,15.4,29.7721
2050,Basswood,Basswood1,0.53,1,0.47856704,BasswoodA,0.53,10% prairie bottom,10,bottom,7.5,2010,Corn,20,2484,2010-10-14,-93.276685,41.537382,Row crop,883.9,4.32,NA,6.33333333333333,1,1.75,14.8,10.7467
1804,Basswood,Basswood1,0.53,1,0.47856704,BasswoodA,0.53,10% prairie bottom,10,bottom,7.5,2010,Corn,20,2485,2010-10-14,-93.276739,41.537372,Row crop,885.4,1.19,NA,1.75,161,0.55,15,12.2235
1642,Basswood,Basswood1,0.53,1,0.47856704,BasswoodA,0.53,10% prairie bottom,10,bottom,7.5,2010,Corn,20,2486,2010-10-14,-93.276742,41.537378,Row crop,885.5,1.59,NA,2.33333333333333,1,0.7,15,11.6679
1924,Basswood,Basswood1,0.53,1,0.47856704,BasswoodA,0.53,10% prairie bottom,10,bottom,7.5,2010,Corn,20,2487,2010-10-14,-93.276743,41.537385,Row crop,885.7,1.62,NA,4.75,2,2.2,15,36.0271
1603,Basswood,Basswood1,0.53,1,0.47856704,BasswoodA,0.53,10% prairie bottom,10,bottom,7.5,2010,Corn,20,2488,2010-10-14,-93.276746,41.537398,Row crop,885.9,1.65,NA,4.83333333333333,2,5.18,15,83.3648
1933,Basswood,Basswood1,0.53,1,0.47856704,BasswoodA,0.53,10% prairie bottom,10,bottom,7.5,2010,Corn,20,2489,2010-10-14,-93.276746,41.537411,Row crop,886.1,1.82,NA,5.33333333333333,2,9.8,13.8,142.9313
1859,Basswood,Basswood1,0.53,1,0.47856704,BasswoodA,0.53,10% prairie bottom,10,bottom,7.5,2010,Corn,20,2490,2010-10-14,-93.276746,41.537434,Row crop,886.7,3.56,NA,15.6666666666667,3,15.26,15.5,113.6499
1898,Basswood,Basswood1,0.53,1,0.47856704,BasswoodA,0.53,10% prairie bottom,10,bottom,7.5,2010,Corn,20,2491,2010-10-14,-93.276742,41.537483,Row crop,887.7,4.06,NA,11.9166666666667,2,20.02,15,130.68
1974,Basswood,Basswood1,0.53,1,0.47856704,BasswoodA,0.53,10% prairie bottom,10,bottom,7.5,2010,Corn,20,2492,2010-10-14,-93.276741,41.537515,Row crop,888.5,4.03,NA,5.91666666666667,1,18.14,15,119.2422
2052,Basswood,Basswood1,0.53,1,0.47856704,BasswoodA,0.53,10% prairie bottom,10,bottom,7.5,2010,Corn,20,2493,2010-10-14,-93.276742,41.537531,Row crop,888.9,4.03,NA,5.91666666666667,1,19.3,15,126.8674
1895,Basswood,Basswood1,0.53,1,0.47856704,BasswoodA,0.53,10% prairie bottom,10,bottom,7.5,2010,Corn,20,2494,2010-10-14,-93.276744,41.537548,Row crop,889.3,3.98,NA,5.83333333333333,1,22.07,15,147.1483
1853,Basswood,Basswood1,0.53,1,0.47856704,BasswoodA,0.53,10% prairie bottom,10,bottom,7.5,2010,Corn,20,2495,2010-10-14,-93.276748,41.537564,Row crop,889.7,4.03,NA,5.91666666666667,1,24.43,15,160.5892
1894,Basswood,Basswood1,0.53,1,0.47856704,BasswoodA,0.53,10% prairie bottom,10,bottom,7.5,2010,Corn,20,2496,2010-10-14,-93.276754,41.53758,Row crop,890.1,4.03,NA,5.91666666666667,1,23.88,15.1,156.9738
1972,Basswood,Basswood1,0.53,1,0.47856704,BasswoodA,0.53,10% prairie bottom,10,bottom,7.5,2010,Corn,20,2497,2010-10-14,-93.276762,41.537595,Row crop,890.5,4.03,NA,5.91666666666667,1,20.84,15,136.9905
1182,Basswood,Basswood1,0.53,1,0.47856704,BasswoodA,0.53,10% prairie bottom,10,bottom,7.5,2010,Corn,20,2498,2010-10-14,-93.27677,41.53761,Row crop,890.9,4.06,NA,11.9166666666667,2,20.91,14.8,136.4895
1220,Basswood,Basswood1,0.53,1,0.47856704,BasswoodA,0.53,10% prairie bottom,10,bottom,7.5,2010,Corn,20,2499,2010-10-14,-93.276788,41.537641,Row crop,891.3,4.11,NA,18.0833333333333,3,23.54,14.9,151.8865
369,Basswood,Basswood1,0.53,1,0.47856704,BasswoodA,0.53,10% prairie bottom,10,bottom,7.5,2010,Corn,20,2950,2010-10-14,-93.277042,41.537373,Row crop,890.8,2.7,NA,7.91666666666667,238,17.49,15,171.8491
863,Basswood,Basswood1,0.53,1,0.47856704,BasswoodA,0.53,10% prairie bottom,10,bottom,7.5,2010,Corn,20,2951,2010-10-14,-93.277032,41.537398,Row crop,891.1,3.21,NA,9.41666666666667,2,21.06,12.6,173.9647
985,Basswood,Basswood1,0.53,1,0.47856704,BasswoodA,0.53,10% prairie bottom,10,bottom,7.5,2010,Corn,20,2952,2010-10-14,-93.277019,41.537423,Row crop,891.3,3.27,NA,9.58333333333333,2,24.07,14.7,195.3707
1350,Basswood,Basswood1,0.53,1,0.47856704,BasswoodA,0.53,10% prairie bottom,10,bottom,7.5,2010,Corn,20,2953,2010-10-14,-93.277003,41.537448,Row crop,891.3,3.31,NA,14.5833333333333,3,26.26,15.1,210.1014
499,Basswood,Basswood1,0.53,1,0.47856704,BasswoodA,0.53,10% prairie bottom,10,bottom,7.5,2010,Corn,20,2954,2010-10-14,-93.276978,41.537483,Row crop,891.4,3.3,NA,4.83333333333333,1,26.99,14.7,217.1831
742,Basswood,Basswood1,0.53,1,0.47856704,BasswoodA,0.53,10% prairie bottom,10,bottom,7.5,2010,Corn,20,2955,2010-10-14,-93.276971,41.537496,Row crop,891.5,3.3,NA,4.83333333333333,1,24.91,14.8,200.4457
269,Basswood,Basswood1,0.53,1,0.47856704,BasswoodA,0.53,10% prairie bottom,10,bottom,7.5,2010,Corn,20,2956,2010-10-14,-93.276966,41.537509,Row crop,891.6,3.3,NA,4.83333333333333,1,25.07,15,201.7332
1107,Basswood,Basswood1,0.53,1,0.47856704,BasswoodA,0.53,10% prairie bottom,10,bottom,7.5,2010,Corn,20,2957,2010-10-14,-93.276963,41.537521,Row crop,891.8,3.24,NA,4.75,1,25.57,15,209.3664
1472,Basswood,Basswood1,0.53,1,0.47856704,BasswoodA,0.53,10% prairie bottom,10,bottom,7.5,2010,Corn,20,2958,2010-10-14,-93.27696,41.537535,Row crop,891.9,3.27,NA,9.58333333333333,2,26.14,15,212.1724
623,Basswood,Basswood1,0.53,1,0.47856704,BasswoodA,0.53,10% prairie bottom,10,bottom,7.5,2010,Corn,20,2959,2010-10-14,-93.276956,41.537565,Row crop,892.1,3.64,NA,5.33333333333333,1,29.73,15,216.8034
664,Basswood,Basswood1,0.53,1,0.47856704,BasswoodA,0.53,10% prairie bottom,10,bottom,7.5,2010,Corn,20,2960,2010-10-14,-93.276956,41.537582,Row crop,892.1,3.81,NA,5.58333333333333,1,29.06,14.9,202.4286
1604,Basswood,Basswood1,0.53,1,0.47856704,BasswoodA,0.53,10% prairie bottom,10,bottom,7.5,2010,Corn,20,2961,2010-10-14,-93.276956,41.537599,Row crop,892.3,4.17,NA,18.3333333333333,3,31.72,15,201.8751
1641,Basswood,Basswood1,0.53,1,0.47856704,BasswoodA,0.53,10% prairie bottom,10,bottom,7.5,2010,Corn,20,2962,2010-10-14,-93.276956,41.537651,Row crop,892.4,4.18,NA,12.25,2,31.41,14.8,199.4489
1501,Basswood,Basswood1,0.53,1,0.47856704,BasswoodA,0.53,10% prairie bottom,10,bottom,7.5,2010,Corn,20,3219,2010-10-14,-93.277168,41.53736,Row crop,894.9,1.51,NA,4.41666666666667,171,3.56,15,62.6982
1298,Basswood,Basswood1,0.53,1,0.47856704,BasswoodA,0.53,10% prairie bottom,10,bottom,7.5,2010,Corn,20,3220,2010-10-14,-93.277172,41.537381,Row crop,895.2,2.61,NA,3.83333333333333,1,9.05,15,91.821
1574,Basswood,Basswood1,0.53,1,0.47856704,BasswoodA,0.53,10% prairie bottom,10,bottom,7.5,2010,Corn,20,3221,2010-10-14,-93.277173,41.537393,Row crop,895.3,3.31,NA,14.5833333333333,3,17.52,15,140.1743
1735,Basswood,Basswood1,0.53,1,0.47856704,BasswoodA,0.53,10% prairie bottom,10,bottom,7.5,2010,Corn,20,3222,2010-10-14,-93.277174,41.537438,Row crop,895.8,3.75,NA,11,2,18.8,15,132.9429
1573,Basswood,Basswood1,0.53,1,0.47856704,BasswoodA,0.53,10% prairie bottom,10,bottom,7.5,2010,Corn,20,3223,2010-10-14,-93.277174,41.537469,Row crop,895.8,3.75,NA,11,2,19.05,12.2,134.7107
1373,Basswood,Basswood1,0.53,1,0.47856704,BasswoodA,0.53,10% prairie bottom,10,bottom,7.5,2010,Corn,20,3224,2010-10-14,-93.277174,41.537499,Row crop,896.1,3.84,NA,16.9166666666667,3,22.54,15.6,155.2802
980,Basswood,Basswood1,0.53,1,0.47856704,BasswoodA,0.53,10% prairie bottom,10,bottom,7.5,2010,Corn,20,3225,2010-10-14,-93.277174,41.537549,Row crop,896.3,4.15,NA,18.25,3,25.61,15.4,163.7336
899,Basswood,Basswood1,0.53,1,0.47856704,BasswoodA,0.53,10% prairie bottom,10,bottom,7.5,2010,Corn,20,3226,2010-10-14,-93.277175,41.537602,Row crop,896.3,4.32,NA,19,3,26.5,15.3,162.7359
978,Basswood,Basswood1,0.53,1,0.47856704,BasswoodA,0.53,10% prairie bottom,10,bottom,7.5,2010,Corn,20,3515,2010-10-14,-93.276908,41.53737,Row crop,889.7,3.47,NA,5.08333333333333,190,5.39,15,41.2392
1381,Basswood,Basswood1,0.53,1,0.47856704,BasswoodA,0.53,10% prairie bottom,10,bottom,7.5,2010,Corn,20,3516,2010-10-14,-93.276907,41.537384,Row crop,889.9,3.38,NA,9.91666666666667,2,12.23,14.5,95.9314
736,Basswood,Basswood1,0.53,1,0.47856704,BasswoodA,0.53,10% prairie bottom,10,bottom,7.5,2010,Corn,20,3517,2010-10-14,-93.276903,41.537417,Row crop,890.5,4.06,NA,11.9166666666667,2,21.58,15,140.8629
937,Basswood,Basswood1,0.53,1,0.47856704,BasswoodA,0.53,10% prairie bottom,10,bottom,7.5,2010,Corn,20,3518,2010-10-14,-93.276897,41.537452,Row crop,891.1,4.38,NA,12.8333333333333,2,28.47,14.6,172.5631
774,Basswood,Basswood1,0.53,1,0.47856704,BasswoodA,0.53,10% prairie bottom,10,bottom,7.5,2010,Corn,20,3519,2010-10-14,-93.276893,41.537487,Row crop,891.8,4.38,NA,6.41666666666667,1,28.78,14.4,174.442
2166,Basswood,Basswood1,0.53,1,0.47856704,BasswoodA,0.53,10% prairie bottom,10,bottom,7.5,2010,Corn,20,3520,2010-10-14,-93.276889,41.537505,Row crop,892,4.38,NA,12.8333333333333,2,30.78,14.6,186.5645
2163,Basswood,Basswood1,0.53,1,0.47856704,BasswoodA,0.53,10% prairie bottom,10,bottom,7.5,2010,Corn,20,3521,2010-10-14,-93.276885,41.53754,Row crop,892.5,4.43,NA,13,2,29.63,14.7,177.2916
1965,Basswood,Basswood1,0.53,1,0.47856704,BasswoodA,0.53,10% prairie bottom,10,bottom,7.5,2010,Corn,20,3522,2010-10-14,-93.276883,41.537576,Row crop,892.8,4.41,NA,19.4166666666667,3,27.96,14.8,168.0171
1764,Basswood,Basswood1,0.53,1,0.47856704,BasswoodA,0.53,10% prairie bottom,10,bottom,7.5,2010,Corn,20,3523,2010-10-14,-93.27688,41.537631,Row crop,893.2,4.43,NA,6.5,1,31.24,14.8,186.9251
1602,Basswood,Basswood1,0.53,1,0.47856704,BasswoodA,0.53,10% prairie bottom,10,bottom,7.5,2010,Corn,20,3524,2010-10-14,-93.276881,41.53765,Row crop,893.2,4.43,NA,6.5,1,30.95,14.6,185.1898
1940,Basswood,Basswood1,0.53,1,0.47856704,BasswoodA,0.53,10% prairie bottom,10,bottom,7.5,2010,Corn,20,3743,2010-10-14,-93.276838,41.537352,Row crop,888.7,2.95,NA,4.33333333333333,211,1.68,15,15.0785
2031,Basswood,Basswood1,0.53,1,0.47856704,BasswoodA,0.53,10% prairie bottom,10,bottom,7.5,2010,Corn,20,3744,2010-10-14,-93.276836,41.537364,Row crop,888.9,3.07,NA,13.5,3,6.89,15,59.5493
2114,Basswood,Basswood1,0.53,1,0.47856704,BasswoodA,0.53,10% prairie bottom,10,bottom,7.5,2010,Corn,20,3745,2010-10-14,-93.276831,41.537402,Row crop,889.4,3.54,NA,15.5833333333333,3,17.27,13.5,129.3073
1868,Basswood,Basswood1,0.53,1,0.47856704,BasswoodA,0.53,10% prairie bottom,10,bottom,7.5,2010,Corn,20,3746,2010-10-14,-93.276824,41.537451,Row crop,890.3,4.2,NA,6.16666666666667,1,23.27,14.7,146.7627
1909,Basswood,Basswood1,0.53,1,0.47856704,BasswoodA,0.53,10% prairie bottom,10,bottom,7.5,2010,Corn,20,3747,2010-10-14,-93.27682,41.537468,Row crop,890.5,4.2,NA,6.16666666666667,1,25.44,14.9,160.4488
1706,Basswood,Basswood1,0.53,1,0.47856704,BasswoodA,0.53,10% prairie bottom,10,bottom,7.5,2010,Corn,20,3748,2010-10-14,-93.276817,41.537485,Row crop,890.9,4.15,NA,6.08333333333333,1,27.79,14.7,177.6711
1910,Basswood,Basswood1,0.53,1,0.47856704,BasswoodA,0.53,10% prairie bottom,10,bottom,7.5,2010,Corn,20,3749,2010-10-14,-93.276816,41.537501,Row crop,891.2,4.2,NA,18.5,3,23.58,14.4,148.7179
2072,Basswood,Basswood1,0.53,1,0.47856704,BasswoodA,0.53,10% prairie bottom,10,bottom,7.5,2010,Corn,20,3750,2010-10-14,-93.27681,41.537553,Row crop,891.9,4.23,NA,12.4166666666667,2,20.4,14.8,127.7983
1991,Basswood,Basswood1,0.53,1,0.47856704,BasswoodA,0.53,10% prairie bottom,10,bottom,7.5,2010,Corn,20,3751,2010-10-14,-93.276808,41.537588,Row crop,892.3,4.39,NA,19.3333333333333,3,5.84,14.6,35.245
1829,Basswood,Basswood1,0.53,1,0.47856704,BasswoodA,0.53,10% prairie bottom,10,bottom,7.5,2010,Corn,20,3752,2010-10-14,-93.276808,41.537644,Row crop,892.7,4.55,NA,6.66666666666667,1,2.63,14.8,15.3432
